"ras_status","cell_line","sensor_concentration","viability","lower","upper"
"KRAS WT
(off-target)","HEK293",0,100,97.9125999079364,102.087400092064
"KRAS WT
(off-target)","HEK293",40,100.553505535055,99.2488804775156,101.858130592595
"KRAS WT
(off-target)","HEK293",80,99.2619926199262,96.6527425048467,101.871242735006
"KRAS WT
(off-target)","HEK293",120,102.029520295203,100.724895237663,103.334145352743
"KRAS WT
(off-target)","HEK293",160,105.350553505535,103.002228401964,107.698878609107
"KRAS WT
(off-target)","HEK293",200,105.350553505535,99.3492782408522,111.351828770218
"KRAS G12C
(on-target)","MIA PaCa-2",0,100,94.2855811815212,105.714418818479
"KRAS G12C
(on-target)","MIA PaCa-2",40,17.1786833855799,14.7198565833587,19.6375101878012
"KRAS G12C
(on-target)","MIA PaCa-2",80,9.91640543364681,8.70338375248222,11.1294271148114
"KRAS G12C
(on-target)","MIA PaCa-2",120,7.96238244514107,5.58262753708969,10.3421373531924
"KRAS G12C
(on-target)","MIA PaCa-2",160,6.89968652037618,4.80413626201167,8.99523677874068
"KRAS G12C
(on-target)","MIA PaCa-2",200,6.20689655172414,5.1295855982042,7.28420750524407
"KRAS G12C
(on-target)","NCI-H358",0,100,94.4547134935305,105.54528650647
"KRAS G12C
(on-target)","NCI-H358",40,40.8687615526802,34.8835425136764,46.853980591684
"KRAS G12C
(on-target)","NCI-H358",80,21.1645101663586,16.2543650170062,26.074655315711
"KRAS G12C
(on-target)","NCI-H358",120,19.4824399260628,15.3119212992596,23.6529585528661
"KRAS G12C
(on-target)","NCI-H358",160,14.9537892791128,12.4783664629885,17.429212095237
"KRAS G12C
(on-target)","NCI-H358",200,10,9.00917777312507,10.9908222268749
"KRAS G12C
(on-target)","OV56",0,100,86.7245880358819,113.275411964118
"KRAS G12C
(on-target)","OV56",40,22.0614035087719,11.272775090295,32.8500319272488
"KRAS G12C
(on-target)","OV56",80,11.5058479532164,7.23340547951002,15.7782904269227
"KRAS G12C
(on-target)","OV56",120,6.92105263157895,3.27627620516777,10.5658290579901
"KRAS G12C
(on-target)","OV56",160,3.87134502923977,2.18732403059033,5.5553660278892
"KRAS G12C
(on-target)","OV56",200,1.57602339181287,1.21697303365142,1.93507374997431
"KRAS WT
(off-target)","SNU398",0,100,100,100
"KRAS WT
(off-target)","SNU398",40,100.467289719626,94.5196625881505,106.414916851102
"KRAS WT
(off-target)","SNU398",80,105.607476635514,104.285781717408,106.92917155362
"KRAS WT
(off-target)","SNU398",120,102.336448598131,101.675601139078,102.997296057184
"KRAS WT
(off-target)","SNU398",160,104.672897196262,98.0644226057332,111.28137178679
"KRAS WT
(off-target)","SNU398",200,107.009345794393,90.4881593180713,123.530532270714
"KRAS WT
(off-target)","SNU475",0,100,97.262812459923,102.737187540077
"KRAS WT
(off-target)","SNU475",40,101.935483870968,98.2859004841985,105.585067257737
"KRAS WT
(off-target)","SNU475",80,100.967741935484,98.6867523187531,103.248731552215
"KRAS WT
(off-target)","SNU475",120,102.58064516129,99.8434576212134,105.317832701367
"KRAS WT
(off-target)","SNU475",160,102.58064516129,98.9310617745211,106.23022854806
"KRAS WT
(off-target)","SNU475",200,104.193548387097,101.000162923674,107.38693385052
"KRAS G12C
(on-target)","SW1573",0,100,86.9364897625576,113.063510237442
"KRAS G12C
(on-target)","SW1573",40,24.5286195286195,11.06078844119,37.9964506160491
"KRAS G12C
(on-target)","SW1573",80,7.98316498316498,3.67562311792468,12.2907068484053
"KRAS G12C
(on-target)","SW1573",120,5.72895622895623,3.40042163969007,8.05749081822239
"KRAS G12C
(on-target)","SW1573",160,4.03535353535354,2.23268978356575,5.83801728714132
"KRAS G12C
(on-target)","SW1573",200,1.88383838383838,1.29499772072882,2.47267904694794
